<?xml version="1.0"?>
<block>
  <name>EQ2440_myfilesink_cpp</name>
  <key>EQ2440Module_EQ2440_myfilesink_cpp</key>
  <category>[EQ2440Module]</category>
  <import>import EQ2440Module</import>
  <make>EQ2440Module.EQ2440_myfilesink_cpp($filenamel, $filenamer, $write_booll, $write_boolr)</make>
  <!-- Make one 'param' node for every Parameter you want settable from the GUI.
       Sub-nodes:
       * name
       * key (makes the value accessible as $keyname, e.g. in the make node)
       * type -->
       <param>
         <name>Filenamel</name>
         <key>filenamel</key>
         <type>string</type>
       </param>

       <param>
         <name>Filenamer</name>
         <key>filenamer</key>
         <type>string</type>
       </param>

       <param>
         <name>Write_booll</name>
         <key>write_booll</key>
         <type>bool</type>
         <option>
           <name>Yes</name>
           <key>True</key>
         </option>
         <option>
           <name>No</name>
           <key>False</key>
         </option>
       </param>

       <param>
         <name>Write_boolr</name>
         <key>write_boolr</key>
         <type>bool</type>
           <option>
             <name>Yes</name>
             <key>True</key>
           </option>
           <option>
             <name>No</name>
             <key>False</key>
           </option>
       </param>

  <!-- Make one 'sink' node per input. Sub-nodes:
       * name (an identifier for the GUI)
       * type
       * vlen
       * optional (set to 1 for optional inputs) -->
       <sink>
         <name>equalizedsymbols</name>
         <type>message</type>
         <!--vlen>$vec_len</vlen-->
       </sink>
       <sink>
         <name>decodedmessage</name>
         <type>message</type>
       </sink>

  <!-- Make one 'source' node per output. Sub-nodes:
       * name (an identifier for the GUI)
       * type
       * vlen
       * optional (set to 1 for optional inputs) -->
  <!--source>
    <name>out</name>
    <type></type>
  </source-->
</block>
