<?xml version="1.0"?>
<block>
  <name>EQ2440Buffer</name>
  <key>EQ2440Module_EQ2440Buffer</key>
  <category>[EQ2440Module]</category>
  <import>import EQ2440Module</import>
  <make>EQ2440Module.EQ2440Buffer()</make>
  <!-- Make one 'param' node for every Parameter you want settable from the GUI.
       Sub-nodes:
       * name
       * key (makes the value accessible as $keyname, e.g. in the make node)
       * type -->

  <!-- Make one 'sink' node per input. Sub-nodes:
       * name (an identifier for the GUI)
       * type
       * vlen
       * optional (set to 1 for optional inputs) -->
  <sink>
    <name>bufferin</name>
    <type>message</type>
  </sink>

  <!-- Make one 'source' node per output. Sub-nodes:
       * name (an identifier for the GUI)
       * type
       * vlen
       * optional (set to 1 for optional inputs) -->
  <source>
    <name>bufferout</name>
    <type>message</type>
  </source>
</block>
